metric,value
alpha_daily,0.0018955443163010748
alpha_annualized_approx,0.47767716770787083
beta,0.15391961247935299
r_squared,0.004737276970726234
alpha_t_stat,1.8595502100914751
alpha_p_value,0.0629491892164834
beta_t_stat,1.5929299025058152
beta_p_value,0.11117591722904799
observations,683.0
