metric,value
alpha_daily,0.0006192722107695044
alpha_annualized_approx,0.15605659711391512
beta,0.022682218765333044
r_squared,0.00034647615685656774
alpha_t_stat,1.7376908356003349
alpha_p_value,0.08226530439017624
beta_t_stat,0.6972722420504978
beta_p_value,0.4856324360277269
observations,1756.0
