series,observations,mean,std_dev,standard_error,null_hypothesis,alternative_hypothesis_right_tail,t_statistic,p_value_two_sided,p_value_one_sided_positive,ci_95_low,ci_95_high
strategy_daily_returns,1756,0.0006328533940774487,0.01494767879730662,0.000356706892547692,mean_return = 0,mean_return > 0,1.7741552162265428,0.07621082373536049,0.038105411867680246,-6.676176377934807e-05,0.0013324685519342456
trade_returns,683,0.0019412884333821375,0.034761503626970544,0.0013301119705439516,mean_return = 0,mean_return > 0,1.4594924911383542,0.144890042275098,0.072445021137549,-0.0006703178727147793,0.004552894739479054
SPY_daily_returns,1756,0.0005987590300778515,0.012266619637434752,0.0002927269064493325,mean_return = 0,mean_return > 0,2.0454526621436124,0.040959076377301014,0.020479538188650507,2.4628882488678876e-05,0.0011728891776670242
