series,observations,mean,std_dev,standard_error,null_hypothesis,alternative_hypothesis_right_tail,t_statistic,p_value_two_sided,p_value_one_sided_positive,ci_95_low,ci_95_high
strategy_daily_returns,683,0.0019412884626647145,0.026719022061353192,0.001022374965893587,mean_return = 0,mean_return > 0,1.898802814452689,0.05801219806762548,0.02900609903381274,-6.609209420027932e-05,0.003948669019529708
trade_returns,683,0.0019412884333821375,0.034761503626970544,0.0013301119705439516,mean_return = 0,mean_return > 0,1.4594924911383542,0.144890042275098,0.072445021137549,-0.0006703178727147793,0.004552894739479054
SPY_daily_returns,683,0.0002971950463413224,0.011947883678872912,0.00045717306346913485,mean_return = 0,mean_return > 0,0.6500712095462006,0.5158651313056316,0.2579325656528158,-0.0006004407031101828,0.0011948307957928277
