series,observations,mean_daily_return,median_daily_return,daily_volatility,annualized_return_approx,annualized_volatility,cagr,sharpe_ratio,sortino_ratio,max_drawdown,calmar_ratio,win_rate,profit_factor,avg_win,avg_loss,expectancy,skewness,kurtosis,total_return
strategy,683,0.0019412884626647145,5e-05,0.026719022061353192,0.48920469259150806,0.4241513258951336,0.4012633223830453,1.153373012707399,1.9126740377910487,-0.26922558726308077,1.4904353128625194,0.5021961932650073,1.2339520819702303,0.02038862967930029,-0.016668823411764705,0.0019412884626647145,1.1882371981982487,9.392492325546566,1.4952556594390294
SPY,683,0.0002971950463413224,0.00015380170125345316,0.011947883678872912,0.07489315167801325,0.1896667734469514,0.05772924856948447,0.3948670097399025,0.5510706729800026,-0.3541696197803159,0.1629988721372904,0.5051244509516838,1.072671165754188,0.008684556691844425,-0.00828839122265639,0.0002971950463413224,0.25965128685533173,5.702428519006256,0.16429402881173272
