year,strategy_total_return,benchmark_total_return,strategy_cagr,benchmark_cagr,strategy_sharpe,benchmark_sharpe,strategy_annualized_volatility,benchmark_annualized_volatility,strategy_max_drawdown,benchmark_max_drawdown,strategy_win_rate,benchmark_win_rate
2018,-0.09336244899313184,-0.052471915569682226,-0.09415989078521525,-0.05293031082599475,-0.28597280056582924,-0.23330451480773698,0.24165517344049678,0.17055200637330803,-0.2691738577828118,-0.19348895413490386,0.124,0.528
2019,0.5653405982256858,0.31223876947424567,0.5696943762349571,0.31445084317572713,1.6421370779610927,2.2356065724252976,0.29880778321456664,0.1251086689142164,-0.15518916071701327,-0.06618376139573723,0.12301587301587301,0.5952380952380952
2020,-0.16292541815945027,0.18331601353600235,-0.16343648154496526,0.18400019667314615,-0.5987867295874004,0.670111185698356,0.24511660315367279,0.33397977009402846,-0.26922558433846155,-0.33717250016507416,0.12648221343873517,0.5770750988142292
2021,0.02282737820611569,0.2872877603538746,0.023099201967735405,0.2911206736175942,0.223516364559559,2.0099942281426006,0.15188297316348845,0.1298874919541719,-0.10263637141142068,-0.051141400251308866,0.11507936507936507,0.5793650793650794
2022,-0.07620477547763249,-0.1817536921789077,-0.07706643454980644,-0.18368373269477956,-0.25710657633805967,-0.7095894872676024,0.2178497145452321,0.2424292594495145,-0.19766975438476275,-0.24496391141213625,0.10756972111553785,0.4342629482071713
2023,0.3043779891429317,0.26175794986454526,0.30944248878115044,0.266043468713401,1.6096204478681284,1.8582993475300962,0.17584145612393992,0.13075540962516352,-0.13651885331196145,-0.09974316454164744,0.116,0.56
2024,0.7134273974883634,0.2812963869474632,0.7348829006367172,0.2886568967146699,2.0196679833252715,2.071202850106654,0.29058465158802566,0.12545850353332155,-0.10429894398934303,-0.08405616148573003,0.12903225806451613,0.592741935483871
