year,strategy_total_return,benchmark_total_return,strategy_sharpe,benchmark_sharpe,strategy_annualized_volatility,benchmark_annualized_volatility,strategy_max_drawdown,benchmark_max_drawdown,strategy_win_rate,benchmark_win_rate
2018,-0.14248088160694405,0.13604690076397952,-0.6333813860950432,1.7154217534609302,0.4449588427424016,0.20723593408068205,-0.28864069547172666,-0.1817042324576883,0.5204081632653061,0.5510204081632653
2019,0.4581972893259534,0.01920614402948706,2.408015812596647,-0.07084925471056398,0.5019037018269134,0.10510147524351884,-0.23582746455815184,-0.08366607431232853,0.5,0.5
2020,-0.13333046573704654,0.2862662288460205,-0.6862342649025557,2.7453620106513013,0.4380428308147578,0.25383404289184747,-0.33622215167466574,-0.13425966733261008,0.5,0.5408163265306123
2021,-0.06809835616259485,0.07385789604764192,-0.5237602321175011,1.3081566543894263,0.30228965177772193,0.13216642838111847,-0.2515188861112826,-0.0924897649681502,0.40404040404040403,0.5454545454545454
2022,-0.027863589857816007,-0.24029331536923082,-0.18911511847168133,-2.7585017912364695,0.4275171025636783,0.2475410772533157,-0.2588666705581223,-0.27340159278608644,0.46875,0.40625
2023,0.4447468227765534,0.04697973756222895,3.231408951687057,1.00806163291141,0.3206302704920955,0.16578952151688744,-0.23041354232284028,-0.1626888100331716,0.53125,0.5104166666666666
2024,0.9766867008437528,-0.0751683374452573,4.218235311653182,-1.2240269159139316,0.4798541040747947,0.160354564457862,-0.09561833475891546,-0.22474804016308958,0.59375,0.4791666666666667
