year,strategy_yearly_return_pct,sp500_yearly_return_pct,diff_pp
2018,-9.823198726874882,-6.590826946078787,-3.232371780796095
2019,48.27513403589434,30.433273044376975,17.841860991517365
2020,-15.34439956480631,15.761233037566225,-31.105632602372534
2021,3.2428967746990667,26.604880718055803,-23.361983943356737
2022,-4.150734105164244,-19.64446416387967,15.493730058715428
2023,29.53108106361464,23.785907626988887,5.745173436625752
2024,63.60425796650333,23.74947315181657,39.85478481468677
